model,accuracy,auc,precision,recall,f1,mcc
logistic_regression,0.805085682697623,0.825660263228048,0.6974443528441879,0.3773416592328278,0.48972503617945007,0.40976459159918377
decision_tree,0.7724709784411277,0.6971275725420504,0.5406001765225066,0.5463871543264942,0.5434782608695652,0.3919697592963088
knn,0.8143725815367606,0.8217331572902389,0.6997870830376153,0.43978590544157004,0.5401259928786634,0.4495936231827613
naive_bayes,0.7880597014925373,0.8245260755638188,0.6558005752636625,0.3050847457627119,0.41643835616438357,0.34108907124646687
random_forest,0.8024322830292979,0.818965054903757,0.6237085372485046,0.5115967885816235,0.562117128154864,0.439727423948632
xgboost,0.8308457711442786,0.861443723403237,0.8139329805996472,0.41168599464763606,0.5468009478672986,0.49635771428763764
